ID,Last Name,First Name,Occupation,Department,Age,Sex,Email,RequestTypes
586354,Tarantino,Quentin,Oncologist,Oncology,57,M,,Audio/Visual
375641,Wheeler,Ryan,Urologist,Urology,67,M,,Religious
952985,Nolan,Christopher,Psychiatrist,Psychiatry,34,M,,Floral
301268,Parikh,Rahil,Gastroenterologist,Gastroenterology,68,M,,Computer
141914,Nelson,Cassidy,Endocrinologist,Endocrinology,53,F,,Sanitation
117606,Malik,Aditya,Audiologist,Audiology,55,M,,Medicine
328074,Van Steyn,Jacob,Otolaryngologist,Otolaryngology,60,M,,Gift
720438,Howard,Rebecca,Dermatologist,Dermatology,45,F,,Interpreter
308705,Bleakley,Martin,Cardiologist,Cardiology,38,M,,Audio/Visual
403424,Green,Michele,Radiologist,Radiology,49,F,,Laundry
175653,Govilla,Mayank,Sanitizer,Sanitation,47,M,,Laundry
349501,Wright,Helen,Urologist,Urology,60,F,,Medicine
746046,Zhao,Jieping,Psychiatrist,Psychiatry,75,M,,Interpreter
475398,Collins,Rose,Food Server,Food Services,36,F,,Gift
588897,Stusalitus,Daniel,Endocrinologist,Endocrinology,54,M,dstusalitus@wpi.edu,Sanitation
772982,Eisenhour,Madison,Audiologist,Audiology,63,F,,Security
337893,Peterson,Lisa,Dept. Head,Internal Transport,45,F,,Security
592282,Phillips,Brooklyn,Dermatologist,Dermatology,69,F,,Religious
771086,Jackson,Edward,Dept. Head,External Transportation,73,M,,Floral
123456, Wong, Wilson, Dept. Head, IT, 29, M, wwong2@wpi.edu,Computer
154862,Jones,Roy,Pulmonologist,Pulmonology,49,M,,Hospital Entry
303849,Anderson,Camila,Neurologist,Neurology,33,F,,Hospital Entry
